Source,Type,Date,Title,link,Info,
,,,,,,
WHO- HUB,presentation,30-July-26,Ebola Outbreak Analytics Community Call #8,To register see info.,"Please join our Ebola outbreak community! To keep collaboration focused, the community is intended for those actively contributing to the analytical response.

•        If you are already a member of the Collaboratory join here: https://collaboratory.who.int/forum/invites/rkD69SbejP
•        If you are not yet a member on the Collaboratory you can join here: https://collaboratory.who.int/ 
o         For more specific instructions on the sign-up workflow, see: https://who-collaboratory.github.io/collaboratory-handbook/content/new-users/signup.html#new-user-s…
o         After you join the Collaboratory, you can join the Ebola Outbreak Analytics community of practice (CoP) by clicking on this link: https://collaboratory.who.int/forum/g/ebola_community
",
PHO,Webinar,22-July-26,PHO Rounds: 2026 Ebola Disease Outbreak Due to Bundibugyo Virus in the Democratic Republic of Congo and Uganda: Ontario Preparedness and Response,link to register,"This PHO Rounds will provide an overview of current approaches to viral hemorrhagic fever (VHF) risk assessment, infection prevention and control (IPAC), and laboratory testing, with a focus on the Ebola disease outbreak due to Bundibugyo virus in the Democratic Republic of Congo and Uganda. Participants will be introduced to Public Health Ontario’s VHF risk assessment tool, with practical guidance on its application in clinical and public health settings. Key IPAC principles for acute care settings will be reviewed, along with relevant provincial guidance and resources. Updates to laboratory testing algorithms will also be discussed, with an emphasis on coordination with the Special Pathogens Notification Pathway. This session will highlight key resources to support VHF preparedness and response in Ontario.

Intended Audience:
Public health professionals and clinicians involved in VHF preparedness and response, including public health unit staff, Medical Officers of Health (MOH) and Associate Medical Officers of Health (AMOH), public health physicians, infection prevention and control (IPAC) practitioners, medical microbiologists, emergency department and critical care staff, infectious diseases physicians, paramedics, and occupational health and safety professionals.

By the end of this event, participants will be able to:

Describe the epidemiology of the 2026 Ebola disease outbreak due to Bundibugyo virus in the Democratic Republic of Congo and Uganda.
Apply a structured approach to conducting a VHF risk assessment by integrating clinical presentation, exposure history, and travel history, and identify immediate steps to take when VHF is suspected.
Summarize key infection prevention and control measures for VHF in acute care settings and identify relevant PHO clinical resources.
Understand PHO’s VHF testing process and identify how to activate the Special Pathogen Notification Pathway when VHF testing is being considered following a detailed risk assessment.",
WHO,presentation,22-July-26,EPI-WIN Ebola Bundibugyo Disease Outbreak Response and Readiness Series ,"Email to register: epi-win@who.int 
",Agenda TBD,
Africa CDC,presentation,17-July-26,"CORC Filovirus – scientific and operational update meeting byR&D Blueprint for Epidemics, ANRS MIE & Africa CDC:",Link to register,"Agenda:
• current epidemiological situation
• clinical characteristics of patients infected with Bundibugyo virus
• overview of research priorities – ANRS MIE & Africa CDC
• diagnostic overview and R&D update
• partners’ update
• EboPep project update
• vaccines – research strategy
• next steps and conclusion.

Find the recording & presentation after the session here",
UKHSA,Update,16-July-26,"Guidance
Ebola and Marburg haemorrhagic fevers: outbreaks and case locations
Information about incidents and outbreaks of Ebola and Marburg, both viral haemorrhagic fevers (VHF).

",Ebola and Marburg haemorrhagic fevers: outbreaks and case locations - GOV.UK,"As of 13 July 2026 (in French), the DRC’s MoH has reported 2,011 confirmed cases and 754 confirmed deaths. Confirmed cases have been reported in Ituri (1,808 cases), North Kivu (182 cases), Haut-Uele (14 cases), Tshopo (4 cases) and South Kivu (3 cases) provinces (Figure 1). Currently, there is sustained community transmission in the DRC.

As of 13 July 2026, the Ugandan MoH has reported 20 confirmed cases and 2 confirmed deaths. Of the confirmed cases, 15 were imported from the DRC and 5 were secondary cases among contacts.",
WHO- HUB,presentation,16-July-26,Ebola Outbreak Analytics Community Call #7,To register see info.,"Agenda:
1.	Situation update - Freddy, Kambale Kavoga (WHO AFRO) 
2.	Towards Real-Time Evidence Synthesis for Public Health Emergencies: Early Application to the Ebola Outbreak - Steve, Kerr (CPC/ WHO Hub) 
3.	Q&A 

Please join our Ebola outbreak community! To keep collaboration focused, the community is intended for those actively contributing to the analytical response.

•        If you are already a member of the Collaboratory join here: https://collaboratory.who.int/forum/invites/rkD69SbejP
•        If you are not yet a member on the Collaboratory you can join here: https://collaboratory.who.int/ 
o         For more specific instructions on the sign-up workflow, see: https://who-collaboratory.github.io/collaboratory-handbook/content/new-users/signup.html#new-user-s…
o         After you join the Collaboratory, you can join the Ebola Outbreak Analytics community of practice (CoP) by clicking on this link: https://collaboratory.who.int/forum/g/ebola_community
",
PHO,situation report,14-July-26,Viral Hemorrhagic Fevers,https://www.publichealthontario.ca/en/Diseases-and-Conditions/Infectious-Diseases/Vector-Borne-Zoonotic-Diseases/Ebola,"As of July 13, 2026:
 
 An Ebola disease outbreak caused by the Bundibugyo ebolavirus is currently affecting the following locations:
 Democratic Republic of the Congo (DRC): Ituri, North Kivu, South Kivu, Tshopo and Haut-UéléProvinces (evidence of local transmission)
 Uganda: Kampala and Wakiso District (no evidence of community transmission)
 For more information on these outbreaks including a map of affected regions, refer to the World Health Organization and Centers for Disease Control and Prevention (CDC).
 Effective May 31 to August 29, 2026, the Government of Canada requires all individuals who have been in the DRC, Uganda, or South Sudan within the previous 21 days to quarantine for 21 days upon arrival in Canada.
 
 Note: There have been no cases reported in South Sudan.",
ANRS,Press Release,14-July-26,Bundibugyo Ebola virus outbreak: launch of the EBO-PEP trial to protect high-risk contacts,Ebola Bundibugyo : launch of the EBO-PEP trial - ANRS,EBO-PEP trials first implementation (or ‘sub-protocol’) focuses on evaluating obeldesivir as PEP against the Bundibugyo virus in the DRC and Uganda.  Recruitment stated July 14 - aims to recruit 1000 people in Ituri province 12+ that were in direct contact with a case or corpse within preceeding 5 days.  Followup will be daily for 21 days and checkin at 42 days.  ,
UN News,news,14-July-26,"‘This is a fire’: DRC Ebola outbreak is fastest-growing ever, warns WHO",https://news.un.org/en/story/2026/07/1167933,"Why this matters:
-Third-largest Ebola outbreak ever recorded.
-Most new infections come from unknown transmission chains.
-Virus has spread beyond the original outbreak area.
-Early detection and global support are critical.",
Washington post,news,14-July-26,Second American infected with Ebola is responding well to treatment in Germany,https://www.washingtonpost.com/health/2026/07/13/second-american-infected-with-ebola-is-responding-well-treatment-germany/,"A second American infected with Ebola while working in the Democratic Republic of Congo has been transferred to Germany for care and is responding positively to treatment, his employer, an evangelical Christian organization said. He has responded well to treatment, is in stable condition, and is receiving excellent medical care in the hospital’s special isolation unit.",
ECDC,situation report,14-July-26,Ebola disease outbreak in the Democratic Republic of the Congo and Uganda,https://www.ecdc.europa.eu/en/ebola-outbreak-democratic-republic-congo-and-uganda,"As of 14 July 2026, the Ebola disease outbreak caused by Bundibugyo virus is affecting the Democratic Republic of the Congo (DRC) and Uganda. 
**US citizen working for humanitarian organsation in DRC tested positive for BDBV. The patient was medically evauated to Germany on July 13th. 

On 13 July 2026, the Democratic Republic of the Congo (DRC) reported a total of 1 963 confirmed cases, including 719 related deaths (from data up until 12 July). A total of 736 patients are hospitalised in isolation. This represents an increase of 31 new confirmed cases and 10 deaths since the previous report of 12 July (reporting data up until 11 July). 

The 31 new cases have been reported from Ituri and North Kivu. 
Among the individuals that tested positive for Bundibugyo virus, 333 have recovered. In total 81.5% of identified case contacts are under follow-up in the Ituri and North Kivu provinces. 
Ituri province remains the most affected, with 1 772 cases, including 608 deaths, reported from 26 of 36 health zones. In North Kivu, 177 cases, including 100 deaths, have been reported from 11 of 34 health zones. In South Kivu, three cases, including one death, have been reported from one of 34 health zones. In Haut-Uele, seven cases (seven deaths) have been reported from one of 13 health zones and in Tshopo four cases (three deaths) from three of 23 health zones. Overall, 42 of 140 health zones are currently affected across the five provinces. 
As of 13 July 2026, in Uganda a total of 20 confirmed cases, including two deaths, have been reported by the Ministry of Health. The last confirmed case was reported on 21 June, and no new cases have been reported since then. Sixteen individuals have recovered. Among the confirmed cases, 15 had travel links to DRC and five were associated with local transmission events. 
In May 2026, there was an imported case in a US citizen who was medically evacuated to Germany for treatment and on 24 June 2026, a further imported case was reported in France by the Ministry of Health. Both cases were imported from areas affected by the ongoing outbreak in DRC. On 10 July 2026, the US CDC reported that a US citizen working for a humanitarian organisation in DRC had tested positive for Bundibugyo virus. The patient was medically evacuated to Germany on 13 July 2026.  ",
University of Oxford,news,13-July-26,World’s first Phase I Bundibugyo ebolavirus vaccine trial launched by Oxford Vaccine Group,World’s first Phase I Bundibugyo ebolavirus vaccine trial launched by Oxford Vaccine Group | Oxford University,"The University of Oxford’s Oxford Vaccine Group has launched the world’s first Phase I clinical trial, BD-Ebov, of a vaccine against Bundibugyo ebolavirus (BDBV), in response to the ongoing outbreak in the Democratic Republic of the Congo and neighbouring Uganda.",
Africa CDC,presentation,9-July-26,"Special Briefing on Ebola Outbreak Response | July 9, 2026",https://www.linkedin.com/events/specialbriefingonebolaoutbreakr7480180971972165632/theater/,,
EuroNews,News,6-July-26,France's first Ebola patient recovers and leaves hospital after successful treatment,https://www.msn.com/en-ae/news/other/frances-first-ebola-patient-recovers-and-leaves-hospital-after-successful-treatment/ar-AA27eEsP?ocid=BingNewsVerp,"France has announced a significant public health milestone after its first diagnosed Ebola patient made a full recovery and was discharged from the hospital. The patient, a humanitarian doctor who recently returned from the Democratic Republic of Congo (DRC), tested negative for the virus twice before being allowed to leave the specialized medical facility.",
CDC,Update,6-July-26,Information for Travelers Returning from Ebola-Affected Areas,https://www.cdc.gov/ebola/situation-summary/returning-travelers.html,"CDC is responding to an outbreak of Ebola disease in areas of the Democratic Republic of the Congo (DRC) and Uganda. The full scope of the outbreak is rapidly evolving.
 CDC temporarily restricted U.S. entry for certain travelers who were recently in DRC, Uganda, or South Sudan.
 U.S. citizens and nationals may still enter the United States but will undergo enhanced public health entry screening.
 Travelers should monitor themselves for Ebola symptoms for 21 days after leaving affected countries.
 Anyone who develops symptoms should avoid travel and contact public health authorities immediately.",
WHO,Update,6-July-26,"Ebola disease caused by Bundibugyo virus, Democratic Republic of the Congo & Uganda",https://www.who.int/emergencies/disease-outbreak-news/item/2026-DON607,"The Bundibugyo virus disease (BVD) outbreak in the Democratic Republic of the Congo continues to evolve rapidly, with sustained transmission and increasing numbers of reported cases. As of 1 July, a cumulative of 1460 confirmed cases, including 452 deaths, have been reported from the Democratic Republic of the Congo. As of 2 July, Uganda has reported 20 confirmed cases including two deaths, as well as one probable case who has died. In addition, on 24 June 2026, French authorities notified WHO of a laboratory-confirmed case of Ebola disease caused by Bundibugyo virus in a medical doctor returning from the Democratic Republic of the Congo. In Uganda, the outbreak remains epidemiologically linked to transmission originating in the Democratic Republic of the Congo, with evidence of both imported infections and secondary transmission among contacts and healthcare workers. Uganda has not reported any new cases since 21 June 2026. National authorities in the two affected countries, in collaboration with WHO and partners, are implementing an extensive set of response measures. A regional preparedness and prioritization framework continues to guide readiness activities across the African Region.",
WHO,news,2-July-26,WHO adds first diagnostic test for Ebola Bundibugyo virus to its Emergency Use Listing,https://www.who.int/news/item/02-07-2026-who-adds-first-diagnostic-test-for-ebola-bundibugyo-virus-to-its-emergency-use-listing,"Today, the World Health Organization (WHO) has added the first molecular diagnostic test for Bundibugyo virus (BDBV) to its Emergency Use Listing (EUL). The test detects the virus by identifying its genetic material in blood samples, helping confirm infection rapidly and accurately.",
WHO,news,2-July-26,Patient enrolment begins in a scientific trial to identify the first effective treatments for Bundibugyo virus disease,https://www.who.int/news/item/02-07-2026-patient-enrolment-begins-in-a-scientific-trial-to-identify-the-first-effective-treatments-for-bundibugyo-virus-disease,PARTNERS clinical trial has opened enrolment today for patients in the Democratic Republic of the Congo. This will assess whether two antiviral therapies – a monoclonal antibody (MBP134) and remdesivir or the combination – can improve survival among people diagnosed with BVD.,
WHO- HUB,presentation,2-July-26,Ebola Outbreak Analytics Community Call #6,Ebola Outbreak Analytics Community Call #6 – Fill out form,"Community Call #6 on Thurs, Jul 2, 2026 12:00 PM UTC→ 1:15 PM UTC!
Agenda TBD
",
ASPR,News Recommendations,30-June-26,ASPR Supports Global Ebola Response While Strengthening U.S. Preparedness,https://www.aspr.gov/news-updates/newsroom/2026-06/ebola-response-26Jun2026,"WASHINGTON, D.C. (June 26, 2026) — The Administration for Strategic Preparedness and Response (ASPR), part of the U.S. Department of Health and Human Services (HHS), is supporting international efforts to respond to the ongoing Bundibugyo ebolavirus outbreak in the Democratic Republic of the Congo (DRC) and Uganda through the deployment of investigational medical countermeasures, advancement of vaccine and therapeutic development, and continued investments in domestic preparedness.
 
 The current outbreak involves Bundibugyo ebolavirus, a species for which there are currently no FDA-approved vaccines or therapeutics. ASPR, through its Biomedical Advanced Research and Development Authority (BARDA), is leveraging longstanding public-private partnerships and global collaborations to help address immediate response needs while accelerating development of medical countermeasures that could improve future outbreak preparedness.
 
 “As outbreaks emerge around the world, ASPR’s mission is to ensure the United States and our partners have the tools needed to respond rapidly and effectively,” said ASPR Principal Deputy Assistant Secretary John Knox. “Our investments in medical countermeasure development and preparedness are helping support the current response while building the foundation for future medical countermeasures and stronger preparedness against Ebola and other high-consequence infectious diseases.”",
ECDC,News,29-June-26,"As first imported Ebola case is recorded in Europe, ECDC calls on EU member states to continue investing in preparedness",https://www.ecdc.europa.eu/en/news-events/first-imported-ebola-case-recorded-europe-ecdc-calls-eu-member-states-continue,"On 28 June, the DRC Ministry of Health reported a total of 1 274 confirmed cases, including 360 confirmed related deaths, and 502 individuals hospitalised in isolation (as of 27 June). Included in this report are 47 new confirmed cases and 12 new deaths reported in the previous day by health authorities in DRC. ",
WHO,Media briefing,25-June-26,WHO Director-General's opening remarks at the media briefing – 24 June 2026,https://www.who.int/news-room/speeches/item/who-director-general-s-opening-remarks-at-the-media-briefing---24-june-2026,"Preparations are now complete for a trial of two therapeutics that is expected to start in DRC next week.
 
 The trial will evaluate whether two antivirals, MBP134 and remdesivir, can help to reduce mortality in patients with Bundibugyo virus disease, alone or in combination.",
CIDRAP,Media briefing,24-June-26,WHO announces 2 trials of experimental drugs in Ebola outbreak,https://www.cidrap.umn.edu/ebola/who-announces-2-trials-experimental-drugs-ebola-outbreak,"The trial will test whether two antivirals, MBP134 and remdesivir, can help to reduce mortality in patients with Bundibugyo virus disease, alone or in combination, Tedros said. The United States and Gilead Sciences are donating all doses for the trial.",
WHO- HUB,presentation,24-June-26,Ebola Outbreak Analytics Community Call #5,register here to receive the link: Ebola Outbreak Analytics Community Call #5 – Fill out form,"Community Call #5 on Wed, Jun 24, 2026 12:00 PM UTC→Wed, Jun 24, 2026 1:30 PM UTC!
This weeks preliminary agenda:
1.        Situation update, WHO AFRO Epidemiology and Surveillance Pillar @Saliou
2.        The WHO global repository of EPIdemiological parameters (grEPI), PERG and real-time updates during outbreaks @Christian_Morgenster, @Patrick Doohan, @Ettie Unwin, @Rebecca_Lais
3.        Early assessment of potential airline-mediated importation risk during the 2026 DRC-Uganda Bundibugyo virus disease outbreak, @Ryo_Kinoshita
4.        Metapopulation model, international risk assessment, @ Alessandro Vespignani
5.        Introduction to the Model Appraisal Checklist, @Victoria_Ng
 If you registered for the previous community calls, you should have received an invite already. If not, please register here to receive the link: Ebola Outbreak Analytics Community Call #5 – Fill out form
",
WHO,Presentation CANCELLED,24-June-26,"WHO Health Emergencies EPI-WIN webinar: Safe, scalable Ebola (Bundibugyo) care in DR Congo: operations, clinical guidelines and treatment-centre design. (12pm CET)","WHO Health Emergencies EPI-WIN webinar: Safe, scalable Ebola (Bundibugyo) care in DR Congo: operations, clinical guidelines and treatment-centre design","Objectives
Share the current operational picture of the 17th Ebola outbreak in eastern DRC, and how the response is being coordinated at field level.
Present the newly released WHO clinical management guidelines for filovirus disease, and explain why early, standardized supportive care is the single most important determinant of survival in the absence of a Bundibugyo-specific vaccine or therapeutic.
Demonstrate how treatment centres can be designed and scaled safely and humanely, drawing on the ongoing and past outbreaks",
ECDC,presentation,23-June-26,"Deciding in Crisis: Ethics, Equity, and Trust in Outbreak Response (1pm CET)",https://can01.safelinks.protection.outlook.com/?url=https%3A%2F%2Fevents.teams.microsoft.com%2Fevent%2F8cc622b3-366d-45c7-8b1d-252d27e88b68%4075ffd7d9-19e9-405f-8671-405a9da8e991&data=05%7C02%7Clisa.waddell%40phac-aspc.gc.ca%7C2f0811aa3b214531646608dec2ff6268%7C42fd9015de4d4223a368baeacab48927%7C0%7C0%7C639162599329160557%7CUnknown%7CTWFpbGZsb3d8eyJFbXB0eU1hcGkiOnRydWUsIlYiOiIwLjAuMDAwMCIsIlAiOiJXaW4zMiIsIkFOIjoiTWFpbCIsIldUIjoyfQ%3D%3D%7C0%7C%7C%7C&sdata=MTGm3HdH%2BcrVh56jXIYtetr3gla6ilDZb0H2l7ri%2FWI%3D&reserved=0,"In our upcoming webinar “Deciding in Crisis: Ethics, Equity, and Trust in Outbreak Response”, we will explore how outbreak responses need to balance individual freedoms with collective protection, while ensuring that responsibility, fairness, and inclusion remain at the heart of decision-making.
Date Tuesday 23 June 2026
Time: 13:00 - 14:00 CET Our speakers will be: 
Dr. Els Maeckelberghe - Associate Professor in Bioethics and Research Ethics at the University Medical Center Groningen (UMCG), University of Groningen. Her work focuses on medical and public health ethics, research ethics, and the philosophy of medical practice.
John Coggon - Professor of Law in the Centre for Health, Law, and Society, at the University of Bristol Law School. His research combines legal analysis with approaches from moral and political theory; especially in the contexts of public health ethics and law.  ",
PHAC,Situation Update,22-June-26,Ebola disease: Temporary measures,https://www.canada.ca/en/immigration-refugees-citizenship/services/special-measures/ebola-2026.html,"Although the risk to Canada is low, to reduce the chances of Ebola entering Canada, we put temporary measures in place for foreign nationals living in
 
 the Democratic Republic of the Congo
 South Sudan
 Uganda
 These measures are in place as of 23:59:59 ET on May 27, 2026, and will end at 23:59:59 ET on August 28, 2026.",
WHO,Update,19-June-26,"Ebola disease caused by Bundibugyo virus, Democratic Republic of the Congo & Uganda",https://www.who.int/emergencies/disease-outbreak-news/item/2026-DON608,"The Bundibugyo virus disease (BVD) outbreak in the Democratic Republic of the Congo continues to evolve rapidly, with sustained transmission and increasing numbers of reported cases. As of 17 June, a cumulative of 896 confirmed cases, including 232 deaths, have been reported from the Democratic Republic of the Congo. As of 18 June, Uganda has reported 19 confirmed cases including two deaths, as well as one probable case who has died.",
CDC,Situation update,19-June-26,Ebola Outbreak: Current Situation,https://www.cdc.gov/ebola/situation-summary/,"CDC is responding to an outbreak of Ebola disease caused by Bundibugyo virus in remote areas of the Democratic Republic of the Congo (DRC) and Uganda.
 To date, no cases of Ebola disease have been confirmed in the United States because of this outbreak.
 The overall risk to the American public and travelers remains low.",
ECDC,Press release,18-June-26,Ebola outbreak in DRC and Uganda - ECDC scales up support on the ground,https://www.ecdc.europa.eu/en/news-events/ebola-outbreak-drc-and-uganda-ecdc-scales-support-ground,"The European Centre for Disease Prevention and Control (ECDC) is expanding its presence on the ground to support areas affected by the current Ebola outbreak, sending additional experts this week to increase assistance and risk assessment activities as the disease continues to impact lives in the Democratic Republic of the Congo (DRC) and Uganda.",
WHO,Press release,17-June-26,"WHO issues comprehensive guidelines on filovirus disease, including Ebola and Marburg disease",https://www.who.int/news/item/17-06-2026-who-issues-comprehensive-guidelines-on-filovirus-disease--including-ebola-and-marburg-disease,"WHO issues comprehensive guidelines on filovirus disease, including Ebola and Marburg disease",
UKHSA,Press release,17-June-26,G7 Leaders' call for a coordinated response to the Bundibugyo ebola outrbreak: 16 June 2026,https://www.gov.uk/government/news/g7-leaders-call-for-a-coordinated-response-to-the-bundibugyo-ebola-outrbreak-16-june-2026,G7 Leaders' call for a coordinated response to the Bundibugyo ebola outrbreak.,
CEPI,Presentation,15-June-26,CEPI CfP: Bundibugyo Virus – Generation of Evidence to Support BDBV Vaccine R&D Decision Making (recording link provided),"CEPI CfP:
Bundibugyo Virus – Generation of Evidence to Support BDBV Vaccine R&D
Decision Making","Please refer to the video description for the full agenda, notes, and resources.
Video Timestamps
Panel and Agenda:
00:00 - Welcome and Housekeeping (Prof. Trudie Lang, Professor of Global Health and Director of The Global Health Network, University of Oxford)
2:35 - Opening Remarks (Dr. Amadou Sall, Executive Director of Process Development and Manufacturing, CEPI)
6:33 - Call for Proposals for Workstream 1: Epidemiology, Modelling, and Analytics - Dr. Arminder Deol, Head of Data Science and Advanced Analysis, CEPI
7:23 - Call for Proposals for Workstream 2: Immunological and Clinical Assessment - Dr. Jenny Hendriks, Global Lead Clinical Immunology, CEPI
11:20 - How to Apply, Award Conditions, and Contact Information - Dr. Nadia Tornieporth, Interim Director of Clinical Development, CEPI
20:14 - Q&A Session
",
CDC,Situation update and CDC response,14-June-26,Ebola Disease : Current Situation,https://www.cdc.gov/ebola/situation-summary/index.html,"Living situation update from CDC
- CDC is responding to an outbreak of Ebola disease caused by Bundibugyo virus in remote areas of the Democratic Republic of the Congo (DRC) and Uganda.
- To date, no cases of Ebola disease have been confirmed in the United States because of this outbreak.
- The overall risk to the American public and travelers remains low.",
WHO,Update,13-June-26,"Ebola disease caused by Bundibugyo virus, Democratic Republic of the Congo & Uganda",https://www.who.int/emergencies/disease-outbreak-news/item/2026-DON607,"Published June 13: The Bundibugyo virus disease (BVD) outbreak in the Democratic Republic of the Congo continues to evolve rapidly, with increasing case numbers and geographic spread. As of 10 June, a cumulative of 676 confirmed cases, including 136 deaths, have been reported from the Democratic Republic of the Congo. As of 11 June, Uganda has reported 19 confirmed cases including two deaths, as well as one probable case who has died. In Uganda, the outbreak remains epidemiologically linked to transmission originating in the Democratic Republic of the Congo, with evidence of both imported infections and secondary transmission among contacts and healthcare workers. Uganda has not reported any new cases in the past six days. National authorities in the two affected countries, in collaboration with WHO and partners, are implementing a comprehensive package of response measures. A regional preparedness and prioritization framework continues to guide readiness activities across the African Region.",
ECDC ,situation report,12-June-26,Ebola disease outbreak in the Democratic Republic of the Congo and Uganda,Ebola disease outbreak in the Democratic Republic of the Congo and Uganda,"Living situation update from ECDC

",
UKHSA,Update,11-June-26,"Research and analysis
Outbreaks under monitoring: week 23 (week ending 7 June 2026)",https://www.gov.uk/government/publications/outbreaks-under-monitoring-in-2026/outbreaks-under-monitoring-week-23-week-ending-7-june-2026,Bundibugyo outbreak update,
UKHSA,Update,10-June-26,Foreign travel advice - Democratic Republic of the Congo,https://www.gov.uk/foreign-travel-advice/democratic-republic-of-the-congo,"Updated June 10, 2026 -- FCDO advises against all travel to parts of Democratic Republic of the Congo.",
WHO,Statement,11-June-26,Statement – WHO/Europe: Ebola risk remains low ahead of the Football World Cup,Statement – WHO/Europe: Ebola risk remains low ahead of the Football World Cup,"Updated June 11, 2026 - Statement by Dr Hans Henri P. Kluge, WHO Regional Director for Europe
 ""Let me reassure you: none of the host countries, nor the European Region, currently has Ebola cases. There is no reason to change your plans. Travel as normal, stay informed and enjoy the tournament.
 
 Large events bring people together, and staying prepared helps keep everyone safe. Be aware of Ebola symptoms such as fever, aches and vomiting. If you’ve recently travelled to the Democratic Republic of the Congo or Uganda and feel unwell within 3 weeks, seek medical care and inform your doctor about your travel. Routine health checks at borders or events are there to protect everyone.""",
PHAC,Update,11-June-26,Ebola disease: Health advice for travelling abroad,https://www.canada.ca/en/public-health/services/diseases/ebola/travel-health-advice.html,"Travellers entering Canada
 
 Border measures are in place for travellers who have been in the Democratic Republic of the Congo, Uganda and South Sudan in the previous 21 days before arrival to Canada",
PHAC,Update,11-June-26,Ebola disease: For health professionals and humanitarian aid workers,"Ebola disease: For health professionals, humanitarian aid workers - Canada.ca","In May 2026, an outbreak of the Ebola disease caused by Bundibugyo virus was declared in the Democratic Republic of the Congo and Uganda. The overall risk to the general population in Canada remains low at this time. If an infected person were to arrive in Canada, transmission is expected to be limited due to established public health measures, enhanced border screening measures and because the virus requires direct contact with body fluids or tissues of infected individuals.
 
 The Public Health Agency of Canada is actively monitoring the outbreak in close collaboration with international partners, including the World Health Organization, as well as provincial and territorial public health authorities.",
PHAC,Update,11-June-26,Ebola disease: Border measures for travellers entering Canada,Ebola disease: Border measures for travellers entering Canada - Canada.ca,"As of June 11, 2026: Canada is temporarily suspending certain immigration documents for residents of: Uganda, South Sudan, the Democratic Republic of the Congo. Health risk for Canadians remain low at this time.",
CDC,Recommendations,10-June-26,Ebola: What to Do After Travel,https://www.cdc.gov/ebola/travel/,Recommendations post-travel updated June 5,
WHO,Rapid Risk Assessment Update,9-June-26,"WHO Rapid Risk Assessment-Ebola disease caused by Bundibugyo virus, Democratic Republic of the Congo, Uganda and countries with land borders adjoining countries with documented BDBV detection v3","WHO Rapid Risk Assessment-Ebola disease caused by Bundibugyo virus, Democratic Republic of the Congo, Uganda and countries with land borders adjoining countries with documented BDBV detection v3","This Rapid Risk Assessment (RRA) aims to assess the risk of Ebola disease caused by Bundibugyo virus in the Democratic Republic of the Congo and Uganda, considering the public health impact, the risk of geographical spread and the risk of insufficient control capacities with available resources. The outcomes of the WHO RRA published on this page are intended to promote transparency in the spirit of IHR provisions; to provide a resource to national authorities facing similar or comparable situations; and to foster a shared risk assessment culture among States Parties, as well as regional and global entities contributing to preparedness for and response to health emergencies. The information presented on this page is shared in accordance with Article 11 of the IHR (2005). ",
Nature ,News,9-June-26,Why the DRC Ebola outbreak is worse for women,https://www.nature.com/articles/s44360-026-00154-6 ,"Early data from the Ebola outbreak in the Democratic Republic of Congo (DRC) reveal a gendered bias, with two-thirds of cases in female patients. Viruses theoretically strike in an indiscriminate pattern, but, in reality, exposure can align with poverty, employment and, in Ituri’s rural health zones, with gender. Death is associated with peak viral load and the greatest risk of transmission. Traditional death practices in the DRC and other parts of Africa centre on physical contact, usually led by traditional healers, who bless the body during funeral rites — providing another key point of virus exposure. In contrast to foreign aid workers who jet in with sophisticated biohazard suits, local nurses often have to deal with shortages of basic supplies such as bandages, gloves or personal protective equipment (PPE), including facemasks. In Ituri’s first-response clinics, most of the nurses are women. “This puts the very critically needed female healthcare workforce into harm’s way,”",
Nature ,News,9-June-26,What it will take to stop the spiralling Ebola outbreak,https://www.nature.com/articles/d41586-026-01692-5,"One challenge is that there is neither a vaccine nor a targeted treatment for the specific virus causing this outbreak, the Bundibugyo species of ebolavirus. This means that other measures will be needed to stop the virus’s march. Here are some of the measures that specialists recommend. 
Increase testing and contact tracing - Ramping up the laboratory capacity to diagnose Ebola is essential to quickly identifying who is infected so that they can be isolated before they spread the virus to others, says Robert Garry, a virologist at Tulane University in New Orleans, Louisiana.  Of the 1,038 cases that had been reported by 27 May, 132 had been confirmed by lab testing as caused by the Bundibugyo species. 
Provide supportive care - keeping people hydrated, monitoring and correcting their electrolyte and glucose levels, providing nutrition, giving antibiotics for possible infections caused by other pathogens and treating symptoms such as pain and nausea
Build trust with communities - taking people who are unwell to treatment centres, isolating them and ensuring safe burials. ",
Nature ,News,9-June-26,Ebola outbreak spirals out of control: how might it have started?,https://www.nature.com/articles/d41586-026-01645-y,"Published May 21 - The origin of the latest outbreak in the Ituri province in the DRC is unknown, but fruit bats are suspected. They are a reservoir of Ebola viruses and are common in the region. Past Ebola outbreaks have been caused by ‘spillover’ events, in which the virus jumps from bats to other animals or people. People in Bundibugyo live close to national parks. These parks have a high number of fruit bats, along with primates such as monkeys and baboons. These animals interact with the communities. People go out to these national parks to hunt, and animals go to people’s gardens for food. Physical contact with wildlife is common, and some people eat these creatures. The ecosystem is tightly interlinked, which increases the possibility of a spillover through direct contact.
",
Nature ,News,9-June-26,Ebola outbreak: the data that show why researchers are so alarmed,Ebola outbreak: the data that show why researchers are so alarmed,"Published May 28 - By the time both the Democratic Republic of the Congo (DRC) and Uganda declared an Ebola outbreak on 15 May, officials said that they had recorded 246 suspected cases and 80 suspected deaths. A few days later, on 18 May, an international research team released the results of a modelling study suggesting that the true number of infections could be vastly higher.

Those data points are shocking researchers and public-health specialists: the director-general of the World Health Organization (WHO), Tedros Adhanom Ghebreyesus, said on 19 May that he is “deeply concerned about the scale and speed of the epidemic”. That’s because, compared with past outbreaks, these numbers stand out. For example, in March 2014, when Guinea initially declared what would eventually become the largest recorded Ebola epidemic so far, it reported only 49 suspected cases and 29 suspected deaths (see ‘Alarming trajectory’).

Another major unknown is how fast case numbers are growing, which could indicate when the outbreak started and how big it could get. “It’s so important to get resources to the region, to the people in the affected areas, to be able to help prevent onward transmission and prevent further mortality,” McCabe ( infectious-disease epidemiologist Ruth McCabe at Imperial College London) says.",
Nature ,News,9-June-26,"Month-long detection gap complicates Ebola containment in DRC",Month-long detection gap complicates Ebola containment in DRC,"Published May 19 - A critical four-week detection gap allowed a rare Ebola strain to spread through eastern Democratic Republic of the Congo (DRC) before health authorities confirmed the outbreak.

The outbreak, caused by the Bundibugyo strain of Ebola virus, was officially declared by DRC authorities on 15 May after laboratory confirmation in Kinshasa. The World Health Organization (WHO) says the presumed index case, a health worker in Bunia, Ituri province, first developed symptoms on 25 April and later died.

By the time the outbreak was confirmed, infections had already spread across at least nine health zones in eastern DRC and into neighbouring Uganda, where authorities reported a fatal case in Kampala. The delayed confirmation also exposed important diagnostic limitations. Describing the outbreak, infectious disease ecologist, John Drake, of the University of Georgia, in the United States, noted that regional laboratories in Bunia initially tested samples using GeneXpert assays designed to detect the Zaire strain of Ebola virus, which was responsible for previous outbreaks in DRC, and the 2014 West Africa epidemic.",
Nature ,News,9-June-26,Ebola outbreak is a global health emergency: what happens next,https://www.nature.com/articles/d41586-026-01597-3,"Published May 18 - The outbreak is only the third caused by the rare Bundibugyo virus, for which there are no approved vaccines or therapeutics. There have been only two previous documented outbreaks caused by the Bundibugyo species, says Siouxsie Wiles, a microbiologist at the University of Auckland in New Zealand. The first was reported in 2007 in the Bundibugyo district of Uganda; the second was in 2012 in the DRC. There are no approved vaccines or treatments for this species, and most rapid diagnostics tests used in the field are designed to detect the more common Zaire ebolavirus. The outbreak was first reported in the Ituri province in the DRC. A health-care worker who reported fever, vomiting and bleeding on 24 April, and later died, is thought to be the first person infected.

The virus has a long incubation period — ranging from 2 to 21 days, which means that it has probably been spreading for a couple of months, given the number of infections reported so far, says Raina MacIntyre, an epidemiologist at the University of New South Wales, Australia. The delay in detecting the outbreak could also be because health workers are dealing with other diseases that are currently spreading in the region, such as measles, mpox and malaria, she adds.",
Nature ,News,9-June-26,Race begins to trial Ebola drugs amid current outbreak,Race begins to trial Ebola drugs amid current outbreak,"Published May 18 - There are no approved treatments or vaccines against the Bundibugyo species of the Ebola virus, which has been linked to 348 suspected cases including 89 deaths, according to data from the US Centers for Disease Control and Prevention as of 18 May. Remdesivir was trialled in the DRC during a 2018–19 outbreak of the Zaire species of ebolavirus1, as well as against the virus SARS-CoV-2 during the COVID-19 pandemic, showing modest efficacy. MBP134 was administered in a 2022 outbreak of the Sudan species in Uganda2

Nature has learnt that a clinical trial, sponsored by the World Health Organization (WHO), of two experimental treatments for Bundibugyo virus disease is in the works, pending approval by the governments of the DRC and Uganda. Health officials are also considering whether a vaccine approved for another species of the Ebola virus could be trialled in the current outbreak. Remdesivir was trialled in the DRC during a 2018–19 outbreak of the Zaire species of ebolavirus1, as well as against the virus SARS-CoV-2 during the COVID-19 pandemic, showing modest efficacy. MBP134 was administered in a 2022 outbreak of the Sudan species in Uganda2",
WHO,web-based learning,9-June-26,Ebola diseases (learning material),https://openwho.org/channel/Ebola+diseases/536527,"Learning material about Ebola and the current outbreak are available at this OpenWHO link (in English and French): 
Dive into our specialized videos designed to equip frontline healthcare workers with the knowledge and skills to manage, control, and respond effectively to Ebola virus disease outbreaks. Learn the critical strategies and protocols to prevent the spread of Ebola and Marburg diseases, with a focus on protecting healthcare workers and patients; gain insights into designing effective screening and treatment centers tailored for managing outbreaks, prioritizing safety, efficiency, and community needs and master the clinical practices essential for managing patients with Ebola virus disease, including diagnostics, treatment, and supportive care.

This channel offers the following resources:

Introduction to Ebola disease
Clinical management of Ebola virus disease
WHO EPI-WIN Webinar: Sudan virus disease outbreak: what we know
Infection prevention and control measures in health-care settings for Ebola or Marburg disease outbreaks
Ebola and Marburg diseases screening and treatment center design
",https://openwho.org/media/Introduction%20%C3%A0%20la%20maladie%20d%E2%80%99Ebola/0_uws9r93q/536527
Nature,feature,8-June-26,The missed opportunity from a past Ebola outbreak,https://www.nature.com/articles/d44148-026-00149-1,"Donated blood revealed promising antibodies against Bundibugyo, but the path to a treatment was never completed.",
WHO,situation update,8-June-26,"Ebola disease caused by Bundibugyo virus, Democratic Republic of the Congo & Uganda",https://www.who.int/emergencies/disease-outbreak-news/item/2026-DON606,"As of 6 June, a total of 515 confirmed cases, with 91 deaths among these confirmed cases, have been reported from the Democratic Republic of the Congo; Uganda has reported 19 confirmed cases including two deaths, as well as one probable case who has died. In Uganda, the outbreak remains epidemiologically linked to transmission originating in the Democratic Republic of the Congo, with evidence of both imported infections and secondary transmission among contacts and healthcare workers. National authorities, in collaboration with WHO and partners, are undertaking a wide-ranging package of response measures. ",
,,,,,,
,,,,,,
WHO,webinar,9-June-26,"Ebola Bundibugyo virus disease: what we know
09 June 2026, 13.00 - 14.00 CEST
",https://bit.ly/49uhnTn,"Link to webpage: https://bit.ly/4dPfbXT
An outbreak of Ebola virus disease caused by the Bundibugyo virus was declared on 15 May 2026 in the Democratic Republic of the Congo (DRC), with cross-border spread to Uganda. The World Health Organization has classified the event as a Public Health Emergency of International Concern due to its severity and potential for international spread.
As of late May 2026, hundreds of suspected cases and confirmed infections have been reported, with transmission concentrated in eastern DRC.  Challenges in contact follow-up, insecure conditions, and inadequate isolation and referral systems complicating response efforts.  National authorities, in collaboration with WHO and partners, are implementing response measures including deployment of rapid response teams, delivery of medical supplies, strengthened surveillance, laboratory confirmation, infection prevention and control assessments, the set-up of safe and optimized treatment centers, and community engagement.
This webinar will explain why this outbreak is significant, WHO recommendations and the rationale behind them. 

Objectives of the webinar:
•	Provide an overview of current knowledge on Ebola Bundibugyo virus disease, including epidemiology, transmission, clinical features, and role of communities.
•	Explain available WHO guidance on this outbreak
•	Highlight practical information for preparedness and readiness of WHO Member States",
CDC,news,5-June-26,"Update on Ebola Outbreak in the Democratic Republic of the Congo and Uganda, 6/5/2026","Update on Ebola Outbreak in the Democratic Republic of the Congo and Uganda, 6/5/2026 | CDC Newsroom",,
WHO,news/remarks/video,5-June-26,launch of the joint Bundibugyo Ebola virus continental strategic preparedness and response plan,https://www.who.int/news-room/speeches/item/who-director-general-s-opening-remarks-at-the-launch-of-joint-bundibugyo-ebola-virus-continental-strategic-preparedness-and-response-plan-5-june-2026,"Important features of this plan.
- First, it’s a shared plan. The only way to beat this outbreak is through close partnership, working together under the leadership of the affected countries in one coordinated effort, guided by a simple principle: one plan, one budget, one team.
- Second, this is a practical plan. It sets out what we need to do now, together, to contain the current outbreak and reduce the risk of further spread.
- Third, it’s a time-bound plan, covering June to November this year.
- And fourth, it’s a costed plan, at US$ 518 million.",
GAVI,news,5-June-26,From market failure to epidemic preparedness: the race for a Bundibugyo Ebola vaccine,https://www.gavi.org/vaccineswork/market-failure-epidemic-preparedness-race-bundibugyo-ebola-vaccine,"Coalition for Epidemic Preparedness Innovations (CEPI) and Gavi, the Vaccine Alliance's new push-pull strategy aims to bring a Bundibugyo vaccine within reach. Here's how.",
UK foriegn affairs,news,4-June-26,UK launches expert network to boost Ebola response and global crisis readiness,https://www.gov.uk/government/news/uk-launches-expert-network-to-boost-ebola-response-and-global-crisis-readiness,"- new Multi-Hazard Research Network (MHRN) to deliver rapid expert advice and evidence on emerging infectious disease outbreaks and other crises
- the network is already supporting the Ebola response with expert data analysis and social and behavioural science research to guide decision-making
- UK commits funding to develop new treatments and rapid diagnostics for the Bundibugyo species of Ebolavirus",
Virological.org,webpage,4-June-26,Molecular evolutionary analysis of the current Bundibugyo virus disease outbreak in DRC and Uganda,https://virological.org/t/molecular-evolutionary-analysis-of-the-current-bundibugyo-virus-disease-outbreak-in-drc-and-uganda/1042,"Authors: Gina Cuomo-Dannenburg and Mahan Ghafari
Manually reconstructed mutation tree of ten available outbreak-associated Bundibugyo virus sequences as of 28 May 2026. 
Suggesting timing of spillover Mar 1-15 with v. large uncertainty.
",
EPISTORM,unpublished,3-June-26,Ebola Bundibugyo Virus — DRC · Spread Risk Assessment #2 by EPISTORM · NORTHEASTERN UNIVERSITY / CFA–CDC INSIGHT NET,https://epistorm.github.io/EBV2026/report_02_spread_risk.html,The report updates the relative importation risks for uganda based on updated information. There is concern that only 25% (or less) of cases have been identified or counted.,
WHO,News,1-June-26,"IAVI to advance vaccine candidate for Bundibugyo virus, receives funding from CEPI",https://www.iavi.org/press-release/iavi-vaccine-candidate-bundibugyo-virus-cepi-funding/,"WHO urges development of Bundibugyo virus-specific vaccines and identifies IAVI’s rVSV-based candidate as the most promising option in the pipeline. IAVI, a global nonprofit biomedical research organization, today announced that it has reached an agreement with The University of Texas Medical Branch (UTMB) allowing IAVI to develop a recombinant vesicular stomatitis virus (rVSV)-based vaccine candidate targeting Bundibugyo virus (BDBV), the orthoebolavirus responsible for the ongoing Ebola epidemic in the Democratic Republic of the Congo (DRC) and Uganda.",
WHO,News,31-May-26,Four health workers recover from Ebola in the Democratic Republic of the Congo,https://www.afro.who.int/countries/democratic-republic-of-congo/news/four-health-workers-recover-ebola-democratic-republic-congo,"Four nurses who were being treated for Ebola disease caused by Bundibugyo virus have been discharged from a hospital in Bunia, the capital of Ituri, after recovering from the disease. More recoveries are expected, especially when people are diagnosed early and able to access care, and as outbreak response intensifies",
WHO,News,31-May-26,Joint statement by the Government of the Democratic Republic of the Congo and WHO concerning the outbreak of Ebola disease caused by the Bundibugyo virus,Joint statement by the Government of the Democratic Republic of the Congo and WHO concerning the outbreak of Ebola disease caused by the Bundibugyo virus,"The Government of the Democratic Republic of the Congo (DRC) and the World Health Organization (WHO) reaffirm their strong partnership and shared commitment to protect the health and well-being of the people of Ituri Province and the nation at large, following the joint mission to Bunia led by Dr Samuel Roger Kamba, Minister of Health, Mr. Patrick Muyaya Katembwe, Minister of Communication and Medias, and the visit of WHO Director-General Dr Tedros Adhanom Ghebreyesus.",
WHO,News,30-May-26,WHO Director-General's remarks at the press briefing on the Bundibugyo Ebola outbreak – 30 May 2026,WHO Director-General's remarks at the press briefing on the Bundibugyo Ebola outbreak – 30 May 2026,Press briefing from the WHO director,
WHO,News,28-May-26,Message by the WHO Director-General to the people of the Democratic Republic of the Congo,Message by the WHO Director-General to the people of the Democratic Republic of the Congo,,
WHO,News Recommendations,28-May-26,Experts convened by WHO advise on candidate treatments and vaccines for Ebola disease caused by Bundibugyo virus,Experts convened by WHO advise on candidate treatments and vaccines for Ebola disease caused by Bundibugyo virus,"There are currently no licensed therapeutics or vaccines specifically approved for the prevention and treatment of BVD. Nevertheless, WHO advisory groups considered several candidate products that are promising enough to warrant prioritization for evaluation in clinical trials. WHO is now working closely with the governments of the Democratic Republic of the Congo and Uganda to facilitate the implementation of research evaluation of these products.
 
 For treatment of cases:
 
 For treatment, the independent experts recommended prioritizing three candidate therapeutics for evaluation in research (i.e. clinical trials) among confirmed BVD cases: the monoclonal antibodies MBP134 and Maftivimab®, as well as the antiviral remdesivir.
 Combination therapy using a monoclonal antibody and remdesivir is also recommended for evaluation.
 
 For prevention of cases:
 
 For post-exposure prophylaxis among contacts of confirmed and probable cases, the oral antiviral obeldesivir was determined to be a priority candidate, although experts noted that this approach depends on effective contact tracing, which remains operationally challenging in some of the affected areas of the Democratic Republic of the Congo. Research on post-exposure prophylaxis involves giving tablets of obeldesivir to contacts of cases to evaluate whether this prevents them from developing Ebola disease.
 The most promising candidate vaccine was determined by the experts to be the single-dose rVSV Bundibugyo vaccine (being developed by the International AIDS Vaccine Initiative or IAVI). The development of this single-dose vaccine candidate will likely require 7–9 months before it is ready to be assessed through a clinical trial for its ability to prevent BDV.
 Another candidate vaccine, ChAdOx1 Bundibugyo (being developed by Oxford University/Serum Institute of India) could potentially become available within 2–3 months for efficacy assessment through a clinical trial. However, additional animal data are still required to support and confirm further prioritization. Experts noted that a single-dose vaccine approach of this candidate could be suitable for contacts of Ebola cases, whereas a two-dose strategy might be considered for high-risk but unexposed populations such as health-care workers and frontline responders.
 The convened experts also reviewed the potential role of Ervebo, the only licensed Ebola vaccine. It is approved for use during outbreaks caused by the most common Ebola virus in Africa, from the Orthoebolavirus family. Ervebo is not licensed for prevention of BVD and evidence on cross-protection to other Ebola virus species remains limited and inconclusive. WHO recommends that Ervebo should not be used outside carefully designed research settings, to allow for its performance against BDV to be assessed.",
UKHSA,Update,28-May-26,"Foreign travel advice: Central African Republic, Uganda, Angola, DRC","https://www.gov.uk/foreign-travel-advice/central-african-republic
 https://www.gov.uk/foreign-travel-advice/uganda
 https://www.gov.uk/foreign-travel-advice/angola
 https://www.gov.uk/foreign-travel-advice/democratic-republic-of-the-congo",FCDO advises against all travel,
CDC,Webinar,28-May-26,What Clinicians Should Know about Ebola Bundibugyo Virus,What Clinicians Should Know about Ebola Bundibugyo Virus | COCA | CDC,Recording and transcript available.,
PHAC,situation update news release,27-May-26,Government of Canada introduces temporary border measures in response to the Ebola disease outbreak,Government of Canada introduces temporary border measures in response to the Ebola disease outbreak - Canada.ca,"The Government of Canada intends to suspend immigration documents for residents of countries that have a high or very high risk of outbreak of Ebola disease for the next 90 days beginning May 27, 23:59 EDT. 
 The government intends to implement an additional measure effective May 30 at 23:59 pm EDT until August 29, 2026, whereby Canadian citizens, permanent residents, persons registered under the Indian Act, and foreign nationals, who have been in these areas within the previous 21 days and do not have symptoms, will have to quarantine for 21 days",
ECDC,Press release,27-May-26,ECDC increases activities as Ebola outbreak in DRC and Uganda intensifies,https://www.ecdc.europa.eu/en/news-events/ecdc-increases-activities-ebola-outbreak-drc-and-uganda-intensifies,"As the Ebola disease outbreak in the Democratic Republic of the Congo (DRC) and Uganda develops rapidly, the European Centre for Disease Prevention and Control (ECDC) is ratcheting up its support on the ground, while continuing to emphasise that the risk of infection to the general population in Europe remains very low.",
WHO HUB,meeting,26-05-2026,Ebola modelling community meeting,"
•          transcript: https://docs.google.com/document/d/1zJxz_SjSEVkEUoFC8gGMyrG7m2fpGy7C/edit?usp=drive_link&ouid=11729…
•          video: https://drive.google.com/file/d/17fQUHBJOaAnBTNJrFuP_sZQtupiZBuZh/view?usp=sharing
","1.	Situation update, WHO HQ Epidemiology and Surveillance Pillar – @Martina_McMenamin
•	 Slides: BVD_epi_20260526.pdf
•	Estimation of the size of the outbreak of Ebola disease caused by Bundibugyo virus in the Democratic Republic of the Congo – @Ruth_McCabe
Report - Estimation of the size of the outbreak of Ebola disease caused by Bundibugyo virus in the Democratic Republic of the Congo | Faculty of Medicine | Imperial College London
•	 Slides: BVD_outbreaksize_May26.pdf
•	Update from Institute National de Recherche Biomedicale, DRC-- @Ciara_Judge & @Dav_Ebengo GitHub - INRB-UMIE/Ebola_DRC_2026: Data and scripts for epidemiological analysis of the 2026 Bundibugyo Ebola outbreak · GitHub",
WHO,ongoing situation update,24-May-26,"EBOLA BUNDIBUGYO VIRUS DISEASE OUTBREAK Democratic Republic of the Congo | Uganda Weekly External Situation Report 02, Data as of 24 May 2026",https://www.afro.who.int/countries/democratic-republic-of-congo/publication/ebola-bundibugyo-virus-disease-outbreak-0,,
WHO,Ongoing situation update and recommendations,21-May-26,Ebola disease caused by Bundibugyo virus - Democratic Republic of the Congo,https://www.who.int/emergencies/disease-outbreak-news/item/2026-DON603,"Since the last Disease Outbreak News was published on 16 May 2026, the number of suspected and confirmed cases has increased rapidly in DRC, with geographical expansion into North Kivu and South Kivu. In total, 746 suspected cases, including 176 deaths among suspected cases have been reported from DRC as of 21 May 2026; and 85 confirmed cases (two in Uganda), including ten deaths (one in Uganda) (CFR 12%) have been reported from both countries.
 
 WHO assessed the risk of the outbreak of BVD to be very high at the national level in DRC, high at the regional level, and low at the global level.
 
 Recommendations: Details for IPC measures, public health measures and response",
CDC,Situation update transcript,22-May-26,"Transcript - Update on Ebola Outbreak in the Democratic Republic of the Congo and Uganda, 5/22/2026",https://www.cdc.gov/media/releases/2026/transcript-update-on-ebola-outbreak-in-the-democratic-republic-of-the-congo-and-uganda-5-22-2026.html,Transcript of Update of Ebola outbreak in DRC and Uganda,
CDC,Situation update,22-May-26,Statement: Update on Title 42 Order,https://www.cdc.gov/media/releases/2026/statement-update-on-title-42-order.html,"As of today, HHS has issued an interim final rule revising the authority under 42 CFR Part 71.40, which temporarily limits the entry of specific people into the United States to help stop the spread of dangerous diseases.",
Australian Centre for Disease Control,Overview,22-May-26,Ebola Disease,https://www.cdc.gov.au/diseases/ebola-disease,The risk to Australia remains low.,
ECDC,News,21-May-26,Risk to Europe remains very low as Ebola outbreak intensifies in DRC,https://www.ecdc.europa.eu/en/news-events/risk-europe-remains-very-low-ebola-outbreak-intensifies-drc,"The risk to the general population in Europe from the current Ebola outbreak in the Democratic Republic of the Congo (DRC) and also Uganda remains very low, ECDC said in a new assessment today, while stressing that EU/EEA countries should strengthen their preparedness as the situation continues to develop.",
ECDC,Press release,18-May-26,"ECDC activates the EU Health Task Force, deploying experts to support Ebola outbreak response",https://www.ecdc.europa.eu/en/news-events/ecdc-activates-eu-health-task-force-deploying-experts-support-ebola-outbreak-response,"As a first step, ECDC will immediately deploy an expert through the EU Health Task Force and in collaboration with DG ECHO, DG INTPA and GOARN, to Africa CDC’s headquarters to support coordination and operational planning. In parallel, ECDC is in discussions with the European Civil Protection and Humanitarian Aid Operations and the Global Outbreak Alert and Response Network regarding the possible deployment of additional experts as the situation evolves, for example, in infection prevention, epidemiology, surveillance, and risk communication, to support response activities in DRC and Uganda.",
WHO,Situation update,17-May-26,Epidemic of Ebola Disease caused by Bundibugyo virus in the Democratic Republic of the Congo and Uganda determined a public health emergency of international concern,https://www.who.int/news/item/17-05-2026-epidemic-of-ebola-disease-in-the-democratic-republic-of-the-congo-and-uganda-determined-a-public-health-emergency-of-international-concern,,